{"cameraMode":{"drawMode":0,"name":"Shaded","section":"Shading Mode"},"sceneLighting":true,"audioPlay":false,"sceneViewState":{"m_AlwaysRefresh":false,"showFog":true,"showSkybox":true,"showFlares":true,"showImageEffects":true,"showParticleSystems":true,"showVisualEffectGraphs":true,"m_FxEnabled":true},"in2DMode":false,"pivot":{"x":16.69244384765625,"y":1.7930142879486085,"z":-10.53868579864502},"rotation":{"x":0.014536271803081036,"y":-0.14141440391540528,"z":-0.0021107778884470464,"w":-0.9898641109466553},"size":5.805302619934082,"orthographic":false}